{"cameraMode":{"drawMode":0,"name":"Shaded","section":"Shading Mode"},"sceneLighting":false,"audioPlay":false,"sceneViewState":{"showFog":true,"showMaterialUpdate":false,"showSkybox":true,"showFlares":true,"showImageEffects":true,"showParticleSystems":true},"in2DMode":false,"pivot":{"x":0.12449121475219727,"y":-10.504901885986329,"z":20.589088439941408},"rotation":{"x":0.3779138922691345,"y":0.03886790946125984,"z":-0.01588284969329834,"w":0.9248968958854675},"size":22.0,"orthographic":false}